db_id,tx_hash,coinbase,sequence
1,0e3e2357e806b6cdb1f70b54c3a3a17b6714ee1f0e68bebb44a74b1efd512098,04ffff001d0104,4294967295
2,9b0fc92260312ce44e74ef369f5c66bbb85848f2eddd5a7a1cde251e54ccfdd5,04ffff001d010b,4294967295
3,999e1c837c76a1b7fbb7e57baf87b309960f5ffefbf2a9b95dd890602272f644,04ffff001d010e,4294967295
4,df2b060fa2e5e9c8ed5eaf6a45c13753ec8c63282b2688322eba40cd98ea067a,04ffff001d011a,4294967295
5,63522845d294ee9b0188ae5cac91bf389a0c3723f084ca1025e7d9cdfe481ce1,04ffff001d0120,4294967295
6,20251a76e64e920e58291a30d4b212939aae976baca40e70818ceaa596fb9d37,04ffff001d0123,4294967295
7,8aa673bc752f2851fd645d6a0a92917e967083007d9c1684f9423b100540673f,04ffff001d012b,4294967295
8,a6f7f1c0dad0f2eb6b13c4f33de664b1b0e9f22efad5994a6d5b6086d85e85e3,04ffff001d012c,4294967295
9,0437cd7f8525ceed2324359c2d0ba26006d92d856a9c20fa0241106ee5a597c9,04ffff001d0134,4294967295
10,d3ad39fa52a89997ac7381c95eeffeaf40b66af7a57e9eba144be0a175a12b11,04ffff001d0136,4294967295
11,f8325d8f7fa5d658ea143629288d0530d2710dc9193ddc067439de803c37066e,04ffff001d013b,4294967295
12,3b96bb7e197ef276b85131afd4a09c059cc368133a26ca04ebffb0ab4f75c8b8,04ffff001d010c,4294967295
13,9962d5c704ec27243364cbe9d384808feeac1c15c35ac790dffd1e929829b271,04ffff001d013c,4294967295
14,e1afd89295b68bc5247fe0ca2885dd4b8818d7ce430faa615067d7bab8640156,04ffff001d013e,4294967295
15,50748b7a193a0b23f1e9494b51131d2f954cc6cf4792bacc69d207d16002080d,04ffff001d010a,4294967295
16,e79fc1dad370e628614702f048edc8e98829cf8ea8f6615db19f992b1be92e44,04ffff001d010b,4294967295
17,a3e0b7558e67f5cadd4a3166912cbf6f930044124358ef3a9afd885ac391625d,04ffff001d010d,4294967295
18,f925f26deb2dc4696be8782ab7ad9493d04721b28ee69a09d7dfca51b863ca23,04ffff001d0112,4294967295
19,9b9e461221e5284f3bfe5656efdc8c7cc633b2f1beef54a86316bf2ae3a3e230,04ffff001d0116,4294967295
20,ee1afca2d1130676503a6db5d6a77075b2bf71382cfdf99231f89717b5257b5b,04ffff001d0120,4294967295
21,e0175970efb4417950921bfcba2a3a1e88c007c21232ff706009cc70b89210b4,04ffff001d0125,4294967295
22,9e2eaf1d7e5178a2d116f331c340f1f7fd6de7540783ac36a7054fe9a4d64943,04ffff001d0130,4294967295
23,e1cf3476234d8446653ad52a8939ed792003eefdcd0e897319ab9d2cb4c14c8c,04ffff001d0131,4294967295
24,43c39b8b3728c6cb26fae0fc18803ca6cf43e15fde218e3dfbd54e633cf6753e,04ffff001d013f,4294967295
25,9b0f52332d7d013b49016416c4818b5abb80b01ca526b7b813830348ad2321be,04ffff001d0141,4294967295
26,67c1e8143bb6ad221a4ce77d6c8be68f2e25e0743f51b2db1a7b22bab59014dc,04ffff001d0105,4294967295
27,230cf03a6ce420eaa42e3c64feebb47920f3470efb4323b4574b4b6e5a004f65,04ffff001d0110,4294967295
28,f399cb6c5bed7bb36d44f361c29dd5ecf12deba163470d8835b7ba0c4ed8aebd,04ffff001d0109,4294967295
29,c361e2f4581f035dd58b99788347884e046e47b4c17ec347344ff8b24cd377ec,04ffff001d010d,4294967295
30,f5e26c8b82401c585235c572ba8265f16f7d9304ed8e31c198eab571754f5331,04ffff001d0121,4294967295
31,86b33edba8ff663b0f73ef487e4433f34d26ef91de15659d2cc09594d27b52cb,04ffff001d0129,4294967295
32,2b9905f06583c01454f10f720b5709e3b667c9dd3d9efc423c97b7e70afdc0c9,04ffff001d0136,4294967295
33,bdeaa0089cd84670da5e6385f0185c2d7978bf57a1aa5540d3ff3b3eabaa1210,04ffff001d0138,4294967295
34,223b0620a8f1c1f23a2ebf8032ed11321b921017d01974e74cddd651319b5474,04ffff001d0147,4294967295
35,852b1997ed935ba638078998e2d15bc8a91b8ad232e2d988e22c969eba3bafe0,04ffff001d014d,4294967295
36,d05d256fbd5845b30039e37d48215788a4e438249048c47ddb9c83cd927d4d5a,04ffff001d0150,4294967295
37,6d344eb5d67ed329a1c1d7603bba4b85d5916435b49f7a585bb370b76820287d,04ffff001d0157,4294967295
38,e690daeb9f73d29d8a22cb4b5ec29970e9b32283d4376adeaad8691ccb449a68,04ffff001d0107,4294967295
39,1484c18ba443b13851098597d8cb6d49d5983eab63c53d6b0dcc565612e7ca6b,04ffff001d0109,4294967295
40,04391286b3aefbb5df4cdb515ac7fce7942525fa602e1d7757e90a4fd41a1e20,04ffff001d010e,4294967295
41,9efa6cb3b8cca3c9387144f397f80e7b4bc2dd86026fdd308625a2e100a08d5a,04ffff001d0112,4294967295
42,27c4d937dca276fb2b61e579902e8a876fd5b5abc17590410ced02d5a9f8e483,04ffff001d0115,4294967295
43,2f5c03ce19e9a855ac93087a1b68fe6592bcf4bd7cbb9c1ef264d886a785894e,04ffff001d0116,4294967295
44,439aee1e1aa6923ad61c1990459f88de1faa3e18b4ee125f99b94b82e1e0af5f,04ffff001d011e,4294967295
45,f69778085f1e78a1ea1cfcfe3b61ffb5c99870f5ae382e41ec43cf165d66a6d9,04ffff001d0121,4294967295
46,ddd4d06365155ab4caaaee552fb3d8643207bd06efe14f920698a6dd4eb22ffa,04ffff001d0124,4294967295
47,d17b9c9c609309049dfb9005edd7011f02d7875ca7dab6effddf4648bb70eff6,04ffff001d0130,4294967295
48,32edede0b7d0c37340a665de057f418df634452f6bb80dcb8a5ff0aeddf1158a,04ffff001d0137,4294967295
49,194c9715279d8626bc66f2b6552f2ae67b3df3a00b88553245b12bffffad5b59,04ffff001d013a,4294967295
