height,hash,time,difficulty
0,000000000019d6689c085ae165831e934ff763ae46a2a6c172b3f1b60a8ce26f,1231006505,1
1,00000000839a8e6886ab5951d76f411475428afc90947ee320161bbf18eb6048,1231469665,1
2,000000006a625f06636b8bb6ac7b960a8d03705d1ace08b1a19da3fdcc99ddbd,1231469744,1
3,0000000082b5015589a3fdf2d4baff403e6f0be035a5d9742c1cae6295464449,1231470173,1
4,000000004ebadb55ee9096c9a2f8880e09da59c0d68b1c228da88e48844a1485,1231470988,1
5,000000009b7262315dbf071787ad3656097b892abffd1f95a1a022f896f533fc,1231471428,1
6,000000003031a0e73735690c5a1ff2a4be82553b2a12b776fbd3a215dc8f778d,1231471789,1
7,0000000071966c2b1d065fd446b1e485b2c9d9594acd2007ccbd5441cfc89444,1231472369,1
8,00000000408c48f847aa786c2268fc3e6ec2af68e8468a34a28c61b7f1de0dc6,1231472743,1
9,000000008d9dc510f23c2657fc4f67bea30078cc05a90eb89e84cc475c080805,1231473279,1
10,000000002c05cc2e78923c34df87fd108b22221ac6076c18f3ade378a4d915e9,1231473952,1
11,0000000097be56d606cdd9c54b04d4747e957d3608abe69198c661f2add73073,1231474360,1
12,0000000027c2488e2510d1acf4369787784fa20ee084c258b58d9fbd43802b5e,1231474888,1
13,000000005c51de2031a895adc145ee2242e919a01c6d61fb222a54a54b4d3089,1231475020,1
14,0000000080f17a0c5a67f663a9bc9969eb37e81666d9321125f0e293656f8a37,1231475589,1
15,00000000b3322c8c3ef7d2cf6da009a776e6a99ee65ec5a32f3f345712238473,1231562746,1
16,00000000174a25bb399b009cc8deff1c4b3ea84df7e93affaaf60dc3416cc4f5,1231562758,1
17,000000003ff1d0d70147acfbef5d6a87460ff5bcfce807c2d5b6f0a66bfdf809,1231563791,1
18,000000008693e98cf893e4c85a446b410bb4dfa129bd1be582c09ed3f0261116,1231564334,1
19,00000000841cb802ca97cf20fb9470480cae9e5daa5d06b4a18ae2d5dd7f186f,1231564974,1
20,0000000067a97a2a37b8f190a17f0221e9c3f4fa824ddffdc2e205eae834c8d7,1231565995,1
21,000000006f016342d1275be946166cff975c8b27542de70a7113ac6d1ef3294f,1231566553,1
22,0000000098b58d427a10c860335a21c1a9a7639e96c3d6f1a03d8c8c885b5e3b,1231567467,1
23,000000000cd339982e556dfffa9de94744a4135c53eeef15b7bcc9bdeb9c2182,1231567611,1
24,00000000fc051fbbce89a487e811a5d4319d209785ea4f4b27fc83770d1e415f,1231568277,1
25,000000008e35a1d59ea1be8d76683662f47fd13c62a9e347ad5845a26f762026,1231568646,1
26,0000000041438e52d25bccab8798a92cabafdaad69a071d3d2a41718faf01098,1231570450,1
27,0000000071350772f98f84babf35502b33d42ee8466d3dde0f376c4120352081,1231570573,1
28,00000000bb0d9430d3d1bab474be5050342161efcca9f7e45b151bff9a700944,1231601457,1
29,00000000c57a1b6351208c592eef8eff015d93c899a047fe35b35252a4a59bcb,1231601503,1
30,00000000bc919cfb64f62de736d55cf79e3d535b474ace256b4fbb56073f64db,1231602122,1
31,000000009700ff3494f215c412cd8c0ceabf1deb0df03ce39bcfc223b769d3c4,1231602736,1
32,00000000e5cb7c6c273547b0c9421b01e23310ed83f934b96270f35a4d66f6e3,1231603171,1
33,00000000a87073ea3d7af299e02a434598b9c92094afa552e0711afcc0857962,1231603939,1
34,00000000a73fb23b6c42b18b3253ed29c5d0c80d84624efa12c2cf05c4b4318f,1231604338,1
35,00000000b572a465b4e816420d47a16274557b3573b7924b64808a82c7322d9b,1231605153,1
36,00000000f824d643f525b4904ea25c92174b8499435f388549a1700f4d3244de,1231605789,1
37,00000000ddd96d128e122d1179034ff66c27dc583eb9e8996a0b1779c60c6f86,1231606762,1
38,000000007c19ee8e924d3024d58efff50f872aadf256140bb1e3d62fea4fd6dd,1231607488,1
39,000000005665d506f6c3ccb5fd98624f9816a8a169f1d2327d1d4d6d3262ad12,1231607511,1
40,00000000b2f01f399bf503e55f25a1aa51067056d2eb81915cb91976968b69aa,1231608208,1
41,00000000ad2b48c7032b6d7d4f2e19e54d79b1c159f5599056492f2cd7bb528b,1231608903,1
42,00000000314e90489514c787d615cea50003af2023796ccdd085b6bcc1fa28f5,1231609153,1
43,00000000ac21f2862aaab177fd3c5c8b395de842f84d88c9cf3420b2d393e550,1231609477,1
44,000000002978eecde8d020f7f057083bc990002fff495121d7dc1c26d00c00f8,1231610361,1
45,000000009189006e461d2f4037a819d00217412ac01900ddbf09461100b836bb,1231611068,1
46,0000000002d5f429a2e3a9d9f82b777469696deb64038803c87833aa8ee9c08e,1231611793,1
47,000000001a5c4531f86aa874e711e1882038336e2610f70ce750cdd690c57a81,1231612888,1
48,0000000088960278f4060b8747027b2aac0eb443aedbb1b75d1a72cf71826e89,1231613140,1
