tx_hash,blockhash,time,tx_in_count,tx_out_count
4a5e1e4baab89f3a32518a88c31bc87f618f76673e2cc77ab2127b7afdeda33b,000000000019d6689c085ae165831e934ff763ae46a2a6c172b3f1b60a8ce26f,0,,
0e3e2357e806b6cdb1f70b54c3a3a17b6714ee1f0e68bebb44a74b1efd512098,00000000839a8e6886ab5951d76f411475428afc90947ee320161bbf18eb6048,1231469665,1,1
9b0fc92260312ce44e74ef369f5c66bbb85848f2eddd5a7a1cde251e54ccfdd5,000000006a625f06636b8bb6ac7b960a8d03705d1ace08b1a19da3fdcc99ddbd,1231469744,1,1
999e1c837c76a1b7fbb7e57baf87b309960f5ffefbf2a9b95dd890602272f644,0000000082b5015589a3fdf2d4baff403e6f0be035a5d9742c1cae6295464449,1231470173,1,1
df2b060fa2e5e9c8ed5eaf6a45c13753ec8c63282b2688322eba40cd98ea067a,000000004ebadb55ee9096c9a2f8880e09da59c0d68b1c228da88e48844a1485,1231470988,1,1
63522845d294ee9b0188ae5cac91bf389a0c3723f084ca1025e7d9cdfe481ce1,000000009b7262315dbf071787ad3656097b892abffd1f95a1a022f896f533fc,1231471428,1,1
20251a76e64e920e58291a30d4b212939aae976baca40e70818ceaa596fb9d37,000000003031a0e73735690c5a1ff2a4be82553b2a12b776fbd3a215dc8f778d,1231471789,1,1
8aa673bc752f2851fd645d6a0a92917e967083007d9c1684f9423b100540673f,0000000071966c2b1d065fd446b1e485b2c9d9594acd2007ccbd5441cfc89444,1231472369,1,1
a6f7f1c0dad0f2eb6b13c4f33de664b1b0e9f22efad5994a6d5b6086d85e85e3,00000000408c48f847aa786c2268fc3e6ec2af68e8468a34a28c61b7f1de0dc6,1231472743,1,1
0437cd7f8525ceed2324359c2d0ba26006d92d856a9c20fa0241106ee5a597c9,000000008d9dc510f23c2657fc4f67bea30078cc05a90eb89e84cc475c080805,1231473279,1,1
d3ad39fa52a89997ac7381c95eeffeaf40b66af7a57e9eba144be0a175a12b11,000000002c05cc2e78923c34df87fd108b22221ac6076c18f3ade378a4d915e9,1231473952,1,1
f8325d8f7fa5d658ea143629288d0530d2710dc9193ddc067439de803c37066e,0000000097be56d606cdd9c54b04d4747e957d3608abe69198c661f2add73073,1231474360,1,1
3b96bb7e197ef276b85131afd4a09c059cc368133a26ca04ebffb0ab4f75c8b8,0000000027c2488e2510d1acf4369787784fa20ee084c258b58d9fbd43802b5e,1231474888,1,1
9962d5c704ec27243364cbe9d384808feeac1c15c35ac790dffd1e929829b271,000000005c51de2031a895adc145ee2242e919a01c6d61fb222a54a54b4d3089,1231475020,1,1
e1afd89295b68bc5247fe0ca2885dd4b8818d7ce430faa615067d7bab8640156,0000000080f17a0c5a67f663a9bc9969eb37e81666d9321125f0e293656f8a37,1231475589,1,1
dd3feed6c432837d035e8018bb68d446b1a6314b4a86224b11c3d7afa0e7ef2c,0000000013ea0ca8481551f385c0a2aa8ea57ac66d3f017677f93f8606b249d3,1267461645,20,1
50748b7a193a0b23f1e9494b51131d2f954cc6cf4792bacc69d207d16002080d,00000000b3322c8c3ef7d2cf6da009a776e6a99ee65ec5a32f3f345712238473,1231562746,1,1
e79fc1dad370e628614702f048edc8e98829cf8ea8f6615db19f992b1be92e44,00000000174a25bb399b009cc8deff1c4b3ea84df7e93affaaf60dc3416cc4f5,1231562758,1,1
a3e0b7558e67f5cadd4a3166912cbf6f930044124358ef3a9afd885ac391625d,000000003ff1d0d70147acfbef5d6a87460ff5bcfce807c2d5b6f0a66bfdf809,1231563791,1,1
f925f26deb2dc4696be8782ab7ad9493d04721b28ee69a09d7dfca51b863ca23,000000008693e98cf893e4c85a446b410bb4dfa129bd1be582c09ed3f0261116,1231564334,1,1
9b9e461221e5284f3bfe5656efdc8c7cc633b2f1beef54a86316bf2ae3a3e230,00000000841cb802ca97cf20fb9470480cae9e5daa5d06b4a18ae2d5dd7f186f,1231564974,1,1
ee1afca2d1130676503a6db5d6a77075b2bf71382cfdf99231f89717b5257b5b,0000000067a97a2a37b8f190a17f0221e9c3f4fa824ddffdc2e205eae834c8d7,1231565995,1,1
e0175970efb4417950921bfcba2a3a1e88c007c21232ff706009cc70b89210b4,000000006f016342d1275be946166cff975c8b27542de70a7113ac6d1ef3294f,1231566553,1,1
9e2eaf1d7e5178a2d116f331c340f1f7fd6de7540783ac36a7054fe9a4d64943,0000000098b58d427a10c860335a21c1a9a7639e96c3d6f1a03d8c8c885b5e3b,1231567467,1,1
e1cf3476234d8446653ad52a8939ed792003eefdcd0e897319ab9d2cb4c14c8c,000000000cd339982e556dfffa9de94744a4135c53eeef15b7bcc9bdeb9c2182,1231567611,1,1
43c39b8b3728c6cb26fae0fc18803ca6cf43e15fde218e3dfbd54e633cf6753e,00000000fc051fbbce89a487e811a5d4319d209785ea4f4b27fc83770d1e415f,1231568277,1,1
9b0f52332d7d013b49016416c4818b5abb80b01ca526b7b813830348ad2321be,000000008e35a1d59ea1be8d76683662f47fd13c62a9e347ad5845a26f762026,1231568646,1,1
67c1e8143bb6ad221a4ce77d6c8be68f2e25e0743f51b2db1a7b22bab59014dc,0000000041438e52d25bccab8798a92cabafdaad69a071d3d2a41718faf01098,1231570450,1,1
230cf03a6ce420eaa42e3c64feebb47920f3470efb4323b4574b4b6e5a004f65,0000000071350772f98f84babf35502b33d42ee8466d3dde0f376c4120352081,1231570573,1,1
f399cb6c5bed7bb36d44f361c29dd5ecf12deba163470d8835b7ba0c4ed8aebd,00000000bb0d9430d3d1bab474be5050342161efcca9f7e45b151bff9a700944,1231601457,1,1
c361e2f4581f035dd58b99788347884e046e47b4c17ec347344ff8b24cd377ec,00000000c57a1b6351208c592eef8eff015d93c899a047fe35b35252a4a59bcb,1231601503,1,1
f5e26c8b82401c585235c572ba8265f16f7d9304ed8e31c198eab571754f5331,00000000bc919cfb64f62de736d55cf79e3d535b474ace256b4fbb56073f64db,1231602122,1,1
86b33edba8ff663b0f73ef487e4433f34d26ef91de15659d2cc09594d27b52cb,000000009700ff3494f215c412cd8c0ceabf1deb0df03ce39bcfc223b769d3c4,1231602736,1,1
2b9905f06583c01454f10f720b5709e3b667c9dd3d9efc423c97b7e70afdc0c9,00000000e5cb7c6c273547b0c9421b01e23310ed83f934b96270f35a4d66f6e3,1231603171,1,1
bdeaa0089cd84670da5e6385f0185c2d7978bf57a1aa5540d3ff3b3eabaa1210,00000000a87073ea3d7af299e02a434598b9c92094afa552e0711afcc0857962,1231603939,1,1
223b0620a8f1c1f23a2ebf8032ed11321b921017d01974e74cddd651319b5474,00000000a73fb23b6c42b18b3253ed29c5d0c80d84624efa12c2cf05c4b4318f,1231604338,1,1
852b1997ed935ba638078998e2d15bc8a91b8ad232e2d988e22c969eba3bafe0,00000000b572a465b4e816420d47a16274557b3573b7924b64808a82c7322d9b,1231605153,1,1
d05d256fbd5845b30039e37d48215788a4e438249048c47ddb9c83cd927d4d5a,00000000f824d643f525b4904ea25c92174b8499435f388549a1700f4d3244de,1231605789,1,1
6d344eb5d67ed329a1c1d7603bba4b85d5916435b49f7a585bb370b76820287d,00000000ddd96d128e122d1179034ff66c27dc583eb9e8996a0b1779c60c6f86,1231606762,1,1
e690daeb9f73d29d8a22cb4b5ec29970e9b32283d4376adeaad8691ccb449a68,000000007c19ee8e924d3024d58efff50f872aadf256140bb1e3d62fea4fd6dd,1231607488,1,1
1484c18ba443b13851098597d8cb6d49d5983eab63c53d6b0dcc565612e7ca6b,000000005665d506f6c3ccb5fd98624f9816a8a169f1d2327d1d4d6d3262ad12,1231607511,1,1
04391286b3aefbb5df4cdb515ac7fce7942525fa602e1d7757e90a4fd41a1e20,00000000b2f01f399bf503e55f25a1aa51067056d2eb81915cb91976968b69aa,1231608208,1,1
9efa6cb3b8cca3c9387144f397f80e7b4bc2dd86026fdd308625a2e100a08d5a,00000000ad2b48c7032b6d7d4f2e19e54d79b1c159f5599056492f2cd7bb528b,1231608903,1,1
27c4d937dca276fb2b61e579902e8a876fd5b5abc17590410ced02d5a9f8e483,00000000314e90489514c787d615cea50003af2023796ccdd085b6bcc1fa28f5,1231609153,1,1
2f5c03ce19e9a855ac93087a1b68fe6592bcf4bd7cbb9c1ef264d886a785894e,00000000ac21f2862aaab177fd3c5c8b395de842f84d88c9cf3420b2d393e550,1231609477,1,1
439aee1e1aa6923ad61c1990459f88de1faa3e18b4ee125f99b94b82e1e0af5f,000000002978eecde8d020f7f057083bc990002fff495121d7dc1c26d00c00f8,1231610361,1,1
f69778085f1e78a1ea1cfcfe3b61ffb5c99870f5ae382e41ec43cf165d66a6d9,000000009189006e461d2f4037a819d00217412ac01900ddbf09461100b836bb,1231611068,1,1
ddd4d06365155ab4caaaee552fb3d8643207bd06efe14f920698a6dd4eb22ffa,0000000002d5f429a2e3a9d9f82b777469696deb64038803c87833aa8ee9c08e,1231611793,1,1
d17b9c9c609309049dfb9005edd7011f02d7875ca7dab6effddf4648bb70eff6,000000001a5c4531f86aa874e711e1882038336e2610f70ce750cdd690c57a81,1231612888,1,1
